[
  { "id": "P100", "nombre": "Arroz Costeño (Bolsa 10kg)", "precio": 45.50, "stock": 50 },
  { "id": "P101", "nombre": "Azúcar Rubia (Bolsa 5kg)", "precio": 22.00, "stock": 40 },
  { "id": "P102", "nombre": "Aceite Vegetal Primor (1L)", "precio": 9.80, "stock": 100 },
  { "id": "P103", "nombre": "Leche Gloria (SixPack)", "precio": 21.00, "stock": 30 },
  { "id": "P104", "nombre": "Atún Florida (SixPack)", "precio": 30.50, "stock": 25 },
  { "id": "P105", "nombre": "Fideos Don Vittorio (500g)", "precio": 3.20, "stock": 60 },
  { "id": "P106", "nombre": "Lenteja Costeña (500g)", "precio": 4.50, "stock": 35 },
  { "id": "P107", "nombre": "Huevos de Corral (1kg)", "precio": 3.80, "stock": 80 },
  { "id": "P108", "nombre": "Leche Bonle (SixPack)", "precio": 19.90, "stock": 20 },
  { "id": "P109", "nombre": "Fideos de Angel (1kg)", "precio": 6.20, "stock": 45 },
  { "id": "P110", "nombre": "Galleta de Soda", "precio": 1.00, "stock": 150 }
]